Datetime,Water Level (m)
2025-04-01 00:00:00,-0.007293956
2025-04-01 01:00:00,-0.31105006
2025-04-01 02:00:00,-0.5955073
2025-04-01 03:00:00,-0.8360141
2025-04-01 04:00:00,-0.916727
2025-04-01 05:00:00,-0.634336
2025-04-01 06:00:00,-0.27617857
2025-04-01 07:00:00,0.18302782
2025-04-01 08:00:00,0.6544627
2025-04-01 09:00:00,0.93945295
2025-04-01 10:00:00,0.879107
2025-04-01 11:00:00,0.60725576
2025-04-01 12:00:00,0.29143912
2025-04-01 13:00:00,-0.032876812
2025-04-01 14:00:00,-0.33681548
2025-04-01 15:00:00,-0.61082715
2025-04-01 16:00:00,-0.79110265
2025-04-01 17:00:00,-0.58877736
2025-04-01 18:00:00,-0.29607943
2025-04-01 19:00:00,0.07645435
2025-04-01 20:00:00,0.48868805
2025-04-01 21:00:00,0.72048324
2025-04-01 22:00:00,0.6288166
2025-04-01 23:00:00,0.37995473
2025-04-02 00:00:00,0.07446576
2025-04-02 01:00:00,-0.21389431
2025-04-02 02:00:00,-0.4970737
2025-04-02 03:00:00,-0.7591685
2025-04-02 04:00:00,-0.9556132
2025-04-02 05:00:00,-0.8361427
2025-04-02 06:00:00,-0.5457319
2025-04-02 07:00:00,-0.14085394
2025-04-02 08:00:00,0.32012808
2025-04-02 09:00:00,0.7229759
2025-04-02 10:00:00,0.8796285
2025-04-02 11:00:00,0.69694006
2025-04-02 12:00:00,0.43565878
2025-04-02 13:00:00,0.12856734
2025-04-02 14:00:00,-0.16574283
2025-04-02 15:00:00,-0.4393372
2025-04-02 16:00:00,-0.67177606
2025-04-02 17:00:00,-0.739647
2025-04-02 18:00:00,-0.48750025
2025-04-02 19:00:00,-0.19003539
2025-04-02 20:00:00,0.16174588
2025-04-02 21:00:00,0.4713797
2025-04-02 22:00:00,0.55848515
2025-04-02 23:00:00,0.37958983
2025-04-03 00:00:00,0.12989031
2025-04-03 01:00:00,-0.14501455
2025-04-03 02:00:00,-0.41119066
2025-04-03 03:00:00,-0.6606672
2025-04-03 04:00:00,-0.8717638
2025-04-03 05:00:00,-0.9425579
2025-04-03 06:00:00,-0.70102674
2025-04-03 07:00:00,-0.4019036
2025-04-03 08:00:00,-0.013746241
2025-04-03 09:00:00,0.377448
2025-04-03 10:00:00,0.66465825
2025-04-03 11:00:00,0.7271514
2025-04-03 12:00:00,0.5221467
2025-04-03 13:00:00,0.27044848
2025-04-03 14:00:00,-0.006659484
2025-04-03 15:00:00,-0.2673563
2025-04-03 16:00:00,-0.50176847
2025-04-03 17:00:00,-0.669622
2025-04-03 18:00:00,-0.6048803
2025-04-03 19:00:00,-0.38152623
2025-04-03 20:00:00,-0.108839795
2025-04-03 21:00:00,0.16953525
2025-04-03 22:00:00,0.3572107
2025-04-03 23:00:00,0.34737185
2025-04-04 00:00:00,0.15834601
2025-04-04 01:00:00,-0.06312507
2025-04-04 02:00:00,-0.29084376
2025-04-04 03:00:00,-0.5095995
2025-04-04 04:00:00,-0.70901793
2025-04-04 05:00:00,-0.846688
2025-04-04 06:00:00,-0.76205736
2025-04-04 07:00:00,-0.5323761
2025-04-04 08:00:00,-0.2329462
2025-04-04 09:00:00,0.09086809
2025-04-04 10:00:00,0.41464472
2025-04-04 11:00:00,0.5948824
2025-04-04 12:00:00,0.5727977
2025-04-04 13:00:00,0.39374527
2025-04-04 14:00:00,0.16890006
2025-04-04 15:00:00,-0.06344702
2025-04-04 16:00:00,-0.2797634
2025-04-04 17:00:00,-0.46454072
2025-04-04 18:00:00,-0.5826185
2025-04-04 19:00:00,-0.5067036
2025-04-04 20:00:00,-0.3204467
2025-04-04 21:00:00,-0.098493874
2025-04-04 22:00:00,0.11439478
2025-04-04 23:00:00,0.24079597
2025-04-05 00:00:00,0.21378006
2025-04-05 01:00:00,0.07167617
2025-04-05 02:00:00,-0.10386448
2025-04-05 03:00:00,-0.28987163
2025-04-05 04:00:00,-0.4695735
2025-04-05 05:00:00,-0.6221329
2025-04-05 06:00:00,-0.69829154
2025-04-05 07:00:00,-0.58034116
2025-04-05 08:00:00,-0.38261852
2025-04-05 09:00:00,-0.12897158
2025-04-05 10:00:00,0.13906397
2025-04-05 11:00:00,0.36582157
2025-04-05 12:00:00,0.5181092
2025-04-05 13:00:00,0.52957314
2025-04-05 14:00:00,0.41033232
2025-04-05 15:00:00,0.24400355
2025-04-05 16:00:00,0.056846835
2025-04-05 17:00:00,-0.13098286
2025-04-05 18:00:00,-0.30483028
2025-04-05 19:00:00,-0.44422254
2025-04-05 20:00:00,-0.5032238
2025-04-05 21:00:00,-0.39211687
2025-04-05 22:00:00,-0.22885923
2025-04-05 23:00:00,-0.046578232
2025-04-06 00:00:00,0.09794525
2025-04-06 01:00:00,0.15209351
2025-04-06 02:00:00,0.08430806
2025-04-06 03:00:00,-0.037710156
2025-04-06 04:00:00,-0.17705017
2025-04-06 05:00:00,-0.3142872
2025-04-06 06:00:00,-0.4355421
2025-04-06 07:00:00,-0.5193722
2025-04-06 08:00:00,-0.51772934
2025-04-06 09:00:00,-0.38523692
2025-04-06 10:00:00,-0.19861034
2025-04-06 11:00:00,0.026675941
2025-04-06 12:00:00,0.24436203
2025-04-06 13:00:00,0.43203145
2025-04-06 14:00:00,0.5279644
2025-04-06 15:00:00,0.47478038
2025-04-06 16:00:00,0.33068445
2025-04-06 17:00:00,0.14217895
2025-04-06 18:00:00,-0.056843538
2025-04-06 19:00:00,-0.23838566
2025-04-06 20:00:00,-0.39120898
2025-04-06 21:00:00,-0.49213448
2025-04-06 22:00:00,-0.49776608
2025-04-06 23:00:00,-0.37496844
2025-04-07 00:00:00,-0.21536855
